measure_type,unit_type,named_or_derived
IfcAbsorbedDoseMeasure,ABSORBEDDOSEUNIT,Named
IfcAccelerationMeasure,ACCELERATIONUNIT,Derived
IfcAmountOfSubstanceMeasure,AMOUNTOFSUBSTANCEUNIT,Named
IfcAngularVelocityMeasure,ANGULARVELOCITYUNIT,Derived
IfcAreaDensityMeasure,AREADENSITYUNIT,Derived
IfcAreaMeasure,AREAUNIT,Named
IfcCompoundPlaneAngleMeasure,COMPOUNDPLANEANGLEUNIT,Derived
IfcContextDependentMeasure,NO_UNIT,
IfcCountMeasure,NO_UNIT,
IfcCurvatureMeasure,CURVATUREUNIT,Derived
IfcDescriptiveMeasure,NO_UNIT,
IfcDoseEquivalentMeasure,DOSEEQUIVALENTUNIT,Named
IfcDynamicViscosityMeasure,DYNAMICVISCOSITYUNIT,Derived
IfcElectricCapacitanceMeasure,ELECTRICCAPACITANCEUNIT,Named
IfcElectricChargeMeasure,ELECTRICCHARGEUNIT,Named
IfcElectricConductanceMeasure,ELECTRICCONDUCTANCEUNIT,Named
IfcElectricCurrentMeasure,ELECTRICCURRENTUNIT,Named
IfcElectricResistanceMeasure,ELECTRICRESISTANCEUNIT,Named
IfcElectricVoltageMeasure,ELECTRICVOLTAGEUNIT,Named
IfcEnergyMeasure,ENERGYUNIT,Named
IfcForceMeasure,FORCEUNIT,Named
IfcFrequencyMeasure,FREQUENCYUNIT,Named
IfcHeatFluxDensityMeasure,HEATFLUXDENSITYUNIT,Derived
IfcHeatingValueMeasure,HEATINGVALUEUNIT,Derived
IfcIlluminanceMeasure,ILLUMINANCEUNIT,Named
IfcInductanceMeasure,INDUCTANCEUNIT,Named
IfcIntegerCountRateMeasure,INTEGERCOUNTRATEUNIT,Derived
IfcIonConcentrationMeasure,IONCONCENTRATIONUNIT,Derived
IfcIsothermalMoistureCapacityMeasure,ISOTHERMALMOISTURECAPACITYUNIT,Derived
IfcKinematicViscosityMeasure,KINEMATICVISCOSITYUNIT,Derived
IfcLengthMeasure,LENGTHUNIT,Named
IfcLinearForceMeasure,LINEARFORCEUNIT,Derived
IfcLinearMomentMeasure,LINEARMOMENTUNIT,Derived
IfcLinearStiffnessMeasure,LINEARSTIFFNESSUNIT,Derived
IfcLinearVelocityMeasure,LINEARVELOCITYUNIT,Derived
IfcLuminousFluxMeasure,LUMINOUSFLUXUNIT,Named
IfcLuminousIntensityDistributionMeasure,LUMINOUSINTENSITYDISTRIBUTIONUNIT,Derived
IfcLuminousIntensityMeasure,LUMINOUSINTENSITYUNIT,Named
IfcMagneticFluxDensityMeasure,MAGNETICFLUXDENSITYUNIT,Named
IfcMagneticFluxMeasure,MAGNETICFLUXUNIT,Named
IfcMassDensityMeasure,MASSDENSITYUNIT,Derived
IfcMassFlowRateMeasure,MASSFLOWRATEUNIT,Derived
IfcMassMeasure,MASSUNIT,Named
IfcMassPerLengthMeasure,MASSPERLENGTHUNIT,Derived
IfcModulusOfElasticityMeasure,MODULUSOFELASTICITYUNIT,Derived
IfcModulusOfLinearSubgradeReactionMeasure,MODULUSOFLINEARSUBGRADEREACTIONUNIT,Derived
IfcModulusOfRotationalSubgradeReactionMeasure,MODULUSOFROTATIONALSUBGRADEREACTIONUNIT,Derived
IfcModulusOfSubgradeReactionMeasure,MODULUSOFSUBGRADEREACTIONUNIT,Derived
IfcMoistureDiffusivityMeasure,MOISTUREDIFFUSIVITYUNIT,Derived
IfcMolecularWeightMeasure,MOLECULARWEIGHTUNIT,Derived
IfcMomentOfInertiaMeasure,MOMENTOFINERTIAUNIT,Derived
IfcMonetaryMeasure,NO_UNIT
IfcNonNegativeLengthMeasure,LENGTHUNIT,Named
IfcNormalisedRatioMeasure,NO_UNIT,
IfcNumericMeasure,NO_UNIT,
IfcPHMeasure,PHUNIT,Derived
IfcPlanarForceMeasure,PLANARFORCEUNIT,Derived
IfcPlaneAngleMeasure,PLANEANGLEUNIT,Named
IfcPositiveLengthMeasure,LENGTHUNIT,Named
IfcPositivePlaneAngleMeasure,PLANEANGLEUNIT,
IfcPositiveRatioMeasure,NO_UNIT,
IfcPowerMeasure,POWERUNIT,Named
IfcPressureMeasure,PRESSUREUNIT,Named
IfcRadioActivityMeasure,RADIOACTIVITYUNIT,Named
IfcRatioMeasure,NO_UNIT,
IfcRotationalFrequencyMeasure,ROTATIONALFREQUENCYUNIT,Derived
IfcRotationalMassMeasure,ROTATIONALMASSUNIT,Derived
IfcRotationalStiffnessMeasure,ROTATIONALSTIFFNESSUNIT,Derived
IfcSectionalAreaIntegralMeasure,SECTIONAREAINTEGRALUNIT,Derived
IfcSectionModulusMeasure,SECTIONMODULUSUNIT,Derived
IfcShearModulusMeasure,SHEARMODULUSUNIT,Derived
IfcSolidAngleMeasure,SOLIDANGLEUNIT,Named
IfcSoundPowerLevelMeasure,SOUNDPOWERLEVELUNIT,Derived
IfcSoundPowerMeasure,SOUNDPOWERUNIT,Derived
IfcSoundPressureLevelMeasure,SOUNDPRESSURELEVELUNIT,Derived
IfcSoundPressureMeasure,SOUNDPRESSUREUNIT,Derived
IfcSpecificHeatCapacityMeasure,SPECIFICHEATCAPACITYUNIT,Derived
IfcTemperatureGradientMeasure,TEMPERATUREGRADIENTUNIT,Derived
IfcTemperatureRateOfChangeMeasure,TEMPERATURERATEOFCHANGEUNIT,Derived
IfcThermalAdmittanceMeasure,THERMALADMITTANCEUNIT,Derived
IfcThermalConductivityMeasure,THERMALCONDUCTANCEUNIT,Derived
IfcThermalExpansionCoefficientMeasure,THERMALEXPANSIONCOEFFICIENTUNIT,Derived
IfcThermalResistanceMeasure,THERMALRESISTANCEUNIT,Derived
IfcThermalTransmittanceMeasure,THERMALTRANSMITTANCEUNIT,Derived
IfcThermodynamicTemperatureMeasure,THERMODYNAMICTEMPERATUREUNIT,Named
IfcTimeMeasure,TIMEUNIT,Named
IfcTorqueMeasure,TORQUEUNIT,Derived
IfcVaporPermeabilityMeasure,VAPORPERMEABILITYUNIT,Derived
IfcVolumeMeasure,VOLUMEUNIT,Named
IfcVolumetricFlowRateMeasure,VOLUMETRICFLOWRATEUNIT,Derived
IfcWarpingConstantMeasure,WARPINGCONSTANTUNIT,Derived
IfcWarpingMomentMeasure,WARPINGMOMENTUNIT,Derived